Date,Country,News,
43925," United States	US	USAK	61.385	-152.268	AK	0							2	Alaska"," United States	US	USAK	61.385	-152.268	AK	20200404	https://www.supertalk1570.com/news/wwii-vet-celebrates-beating-covid-19-and-turning-104-in-the-same-week/",
43925," United States	US	USAK	61.385	-152.268	AK	0							2	Alaska"," United States	US	USAK	61.385	-152.268	AK	20200404	https://www.supertalk1570.com/news/wwii-vet-celebrates-beating-covid-19-and-turning-104-in-the-same-week/",
43925," United States	US	USAL	32.799	-86.8073	AL	0							2	Alabama"," United States	US	USAL	32.799	-86.8073	AL	20200404	https://www.npr.org/sections/coronavirus-live-updates/2020/04/03/827103635/alabama-and-missouri-issue-stay-at-home-orders",
43925," United States	US	USAK	61.385	-152.268	AK	2	Wisconsin"," United States	US	USWI	44.2563	-89.6385	WI	20200404	https://ravallirepublic.com/news/national/article_53c09590-e18f-58b1-967e-693a7e7aebb8.html",
43925," United States	US	USAK	61.385	-152.268	AK	2	Alaska"," United States	US	USAK	61.385	-152.268	AK	20200404	https://www.forbes.com/sites/sandramacgregor/2020/04/03/canadas-provinces-introduce-new-coronavirus-travel-regulations-to-limit-domestic-travel/",
43925," United States	US	USAL	32.799	-86.8073	AL	0							2	Alabama"," United States	US	USAL	32.799	-86.8073	AL	20200404	https://www.nbcnews.com/health/health-news/live-blog/2020-04-03-coronavirus-news-n1175641/ncrd1176526",
43925," United States	US	USAK	61.385	-152.268	AK	20200404	",,
43925," United States	US	USAK	61.385	-152.268	AK	0							2	Alaska"," United States	US	USAK	61.385	-152.268	AK	20200404	https://keyt.com/news/politics/2020/04/03/here-are-the-states-that-postponed-their-primaries-due-to-coronavirus/",
43925," United States	US	USAK	61.385	-152.268	AK	0							2	Alaska"," United States	US	USAK	61.385	-152.268	AK	20200404	https://www.forbes.com/sites/sandramacgregor/2020/04/03/canadas-provinces-introduce-new-coronavirus-travel-regulations-to-limit-domestic-travel/",
43925," United States	US	USAK	61.385	-152.268	AK	2	Alaska"," United States	US	USAK	61.385	-152.268	AK	20200404	http://www.thearcticsounder.com/article/2014us_seafood_industry_gets_300_million_in",
43925," United States	US	USAK	61.385	-152.268	AK	2	Alaska"," United States	US	USAK	61.385	-152.268	AK	20200404	https://www.whitehorsestar.com/News/new-covid-19-laws-won-t-mean-more-patrols-arrests-rcmp",
43925," United States	US	USAK	61.385	-152.268	AK	2	Alaska"," United States	US	USAK	61.385	-152.268	AK	20200404	http://www.thearcticsounder.com/article/2014us_seafood_industry_gets_300_million_in",
43925," United States	US	USAK	61.385	-152.268	AK	0							2	Alaska"," United States	US	USAK	61.385	-152.268	AK	20200404	http://www.thearcticsounder.com/article/2014us_seafood_industry_gets_300_million_in",
43925," United States	US	USAK	61.385	-152.268	AK	3	Pleasant Camp", Alaska,
43925," United States	US	USAK	61.385	-152.268	AK	3	Pleasant Camp", Alaska,
43925," United States	US	USAK	61.385	-152.268	AK	0							2	Alaska"," United States	US	USAK	61.385	-152.268	AK	20200404	https://www.whitehorsestar.com/News/new-covid-19-laws-won-t-mean-more-patrols-arrests-rcmp",
43925," United States	US	USAL	32.799	-86.8073	AL	0							2	Alabama"," United States	US	USAL	32.799	-86.8073	AL	20200404	https://www.timesdaily.com/news/gov-ivey-staying-home-is-now-the-law/article_6a6576c9-b8e7-5b6d-ac42-0c51e7dcf756.html",
43925," United States	US	USAL	32.799	-86.8073	AL	0							2	Alabama"," United States	US	USAL	32.799	-86.8073	AL	20200404	https://www.timesdaily.com/news/gov-ivey-staying-home-is-now-the-law/article_6a6576c9-b8e7-5b6d-ac42-0c51e7dcf756.html",
43925," United States	US	USAK	61.385	-152.268	AK	0							2	Alaska"," United States	US	USAK	61.385	-152.268	AK	20200404	http://www.thearcticsounder.com/article/2014alaskans_will_make_it_through_covid-19",
43925," United States	US	USAL	32.799	-86.8073	AL	0							2	Alabama"," United States	US	USAL	32.799	-86.8073	AL	20200404	https://www.wvtm13.com/article/wvtm-13-s-ian-reitz-answers-your-stimulus-check-questions/32036987",
43925," United States	US	USAL	32.799	-86.8073	AL	0							2	Alabama"," United States	US	USAL	32.799	-86.8073	AL	20200404	https://www.wtvy.com/content/news/Trump-campaign-calls-Sessions-delusional-in-letter-569362181.html",
43925," United States	US	USAL	32.799	-86.8073	AL	0							2	Alabama"," United States	US	USAL	32.799	-86.8073	AL	20200404	https://www.timesdaily.com/news/gov-ivey-staying-home-is-now-the-law/article_6a6576c9-b8e7-5b6d-ac42-0c51e7dcf756.html",
43925," United States	US	USAL	32.799	-86.8073	AL	0							2	Alabama"," United States	US	USAL	32.799	-86.8073	AL	20200404	https://www.wtvy.com/content/news/Trump-campaign-calls-Sessions-delusional-in-letter-569362181.html",
43925," United States	US	USAL	32.799	-86.8073	AL	0							2	Alabama"," United States	US	USAL	32.799	-86.8073	AL	20200404	https://www.dothaneagle.com/eufaula_tribune/news/first-covid-19-case-confirmed-in-barbour-county-resident/article_e9184d6e-75db-11ea-a720-e33620d5a971.html",
43925," United States	US	USAK	61.385	-152.268	AK	0							2	Alaska"," United States	US	USAK	61.385	-152.268	AK	20200404	http://www.thearcticsounder.com/article/2014amidst_criticism_aidea_moves_35_million_to",
43925," United States	US	USAK	61.385	-152.268	AK	0							2	Alaska"," United States	US	USAK	61.385	-152.268	AK	20200404	http://www.thearcticsounder.com/article/2014us_seafood_industry_gets_300_million_in",
43925," United States	US	USAK	61.385	-152.268	AK	0							2	Alaska"," United States	US	USAK	61.385	-152.268	AK	20200404	http://www.thearcticsounder.com/article/2014amidst_criticism_aidea_moves_35_million_to",
43925," United States	US	USAK	61.385	-152.268	AK	2	Alaska"," United States	US	USAK	61.385	-152.268	AK	2	Alaska",
43925," United States	US	USAK	61.385	-152.268	AK	2	Alaska"," United States	US	USAK	61.385	-152.268	AK	2	Alaska",
43925," United States	US	USAL	32.799	-86.8073	AL	0							2	Alabama"," United States	US	USAL	32.799	-86.8073	AL	20200404	https://www.wtvy.com/content/news/Shelter-in-place-order-Heres-what-it-means-569369121.html",
43925," United States	US	USAK	61.385	-152.268	AK	0							2	Alaska"," United States	US	USAK	61.385	-152.268	AK	20200404	https://www.beaumontenterprise.com/news/article/Alaska-regulators-vote-to-allow-to-go-sales-of-15176598.php",
43925," United States	US	USAK	61.385	-152.268	AK	0							2	Alaska"," United States	US	USAK	61.385	-152.268	AK	20200404	https://www.beaumontenterprise.com/news/article/Alaska-regulators-vote-to-allow-to-go-sales-of-15176598.php",
43925," United States	US	USAL	32.799	-86.8073	AL	0							2	Alabama"," United States	US	USAL	32.799	-86.8073	AL	20200404	https://www.wtvy.com/content/news/Shelter-in-place-order-Heres-what-it-means-569369121.html",
43925," United States	US	USAK	61.385	-152.268	AK	0							3	Pleasant Camp", Alaska,
43925," United States	US	USAL	32.799	-86.8073	AL	0							2	Alabama"," United States	US	USAL	32.799	-86.8073	AL	20200404	http://www.northescambia.com/2020/04/alabama-governor-issues-stay-at-home-order",
43925," United States	US	USAK	61.385	-152.268	AK	0							2	Alaska"," United States	US	USAK	61.385	-152.268	AK	20200404	http://www.thearcticsounder.com/article/2014alaskans_will_make_it_through_covid-19",
43925," United States	US	USAK	61.385	-152.268	AK	2	Alaska"," United States	US	USAK	61.385	-152.268	AK	2	Alaska",
43925," United States	US	USAK	61.385	-152.268	AK	2	Alaska"," United States	US	USAK	61.385	-152.268	AK	2	Alaska",
43925," United States	US	USAL	32.799	-86.8073	AL	0							2	Alabama"," United States	US	USAL	32.799	-86.8073	AL	20200404	https://www.timesdaily.com/news/gov-ivey-staying-home-is-now-the-law/article_6a6576c9-b8e7-5b6d-ac42-0c51e7dcf756.html",
43925," United States	US	USAL	32.799	-86.8073	AL	0							2	Alabama"," United States	US	USAL	32.799	-86.8073	AL	20200404	https://www.wtvy.com/content/news/Governor-will-place-additional-restrictions-on-state-to-battle-pandemic-569358781.html",
43925," United States	US	USAL	32.799	-86.8073	AL	0							2	Alabama"," United States	US	USAL	32.799	-86.8073	AL	20200404	http://www.gulfcoastnewstoday.com/stories/gov-ivey-issues-stay-at-home-order",
43925," United States	US	USAK	61.385	-152.268	AK	2	Alaska"," United States	US	USAK	61.385	-152.268	AK	2	Alaska",
43925," United States	US	USAL	32.799	-86.8073	AL	0							2	Alabama"," United States	US	USAL	32.799	-86.8073	AL	20200404	http://www.gulfcoastnewstoday.com/stories/gov-ivey-issues-stay-at-home-order",
43925," United States	US	USAL	32.799	-86.8073	AL	0							2	Alabama"," United States	US	USAL	32.799	-86.8073	AL	20200404	http://www.gulfcoastnewstoday.com/stories/mad-hatters-event-rescheduled-to-2021",
43925," United States	US	USAK	61.385	-152.268	AK	2	Alaska"," United States	US	USAK	61.385	-152.268	AK	2	Alaska",
43925," United States	US	USAL	32.799	-86.8073	AL	0							2	Alabama"," United States	US	USAL	32.799	-86.8073	AL	20200404	http://www.gulfcoastnewstoday.com/stories/gov-ivey-issues-stay-at-home-order",
43925," United States	US	USAK	61.385	-152.268	AK	2	Alaska"," United States	US	USAK	61.385	-152.268	AK	20200404	https://www.kotatv.com/content/news/IHS-receives-more-than-1B-for-coronavirus-response-569369891.html",
43925," United States	US	USAK	61.385	-152.268	AK	3	Seattle", Washington," United States	US	USWA	47.6062	-122.332	1512650	20200404	https://tucson.com/news/national/dog-food-delivered-to-western-alaska-amid-virus-concerns/article_26684915-943f-5671-8e27-8b2da3622451.html"
43925," United States	US	USAK	61.385	-152.268	AK	0							2	Alaska"," United States	US	USAK	61.385	-152.268	AK	20200404	https://www.ktoo.org/2020/04/03/alaskas-new-florida-based-virtual-school-is-not-sitting-well-with-some-educators/",
43925," United States	US	USAK	61.385	-152.268	AK	0							2	Alaska"," United States	US	USAK	61.385	-152.268	AK	20200404	https://www.ktoo.org/2020/04/03/alaskas-new-florida-based-virtual-school-is-not-sitting-well-with-some-educators/",
43925," United States	US	USAK	61.385	-152.268	AK	2	Alaska"," United States	US	USAK	61.385	-152.268	AK	2	Alaska",
43925," United States	US	USAK	61.385	-152.268	AK	2	Alaska"," United States	US	USAK	61.385	-152.268	AK	2	Alaska",
43925," United States	US	USAK	61.385	-152.268	AK	0							2	Alaska"," United States	US	USAK	61.385	-152.268	AK	20200404	https://www.ktoo.org/2020/04/03/alaskas-new-florida-based-virtual-school-is-not-sitting-well-with-some-educators/",
43925," United States	US	USAK	61.385	-152.268	AK	2	Alaska"," United States	US	USAK	61.385	-152.268	AK	2	Alaska",
43925," United States	US	USAK	61.385	-152.268	AK	2	Alaska"," United States	US	USAK	61.385	-152.268	AK	2	Alaska",
43925," United States	US	USAK	61.385	-152.268	AK	2	Alaska"," United States	US	USAK	61.385	-152.268	AK	2	Florida",
43925," United States	US	USAK	61.385	-152.268	AK	0							2	Alaska"," United States	US	USAK	61.385	-152.268	AK	20200404	https://www.ktoo.org/2020/04/03/alaskas-new-florida-based-virtual-school-is-not-sitting-well-with-some-educators/",
43925," United States	US	USAK	61.385	-152.268	AK	0							2	Alaska"," United States	US	USAK	61.385	-152.268	AK	20200404	https://www.ktoo.org/2020/04/03/alaskas-new-florida-based-virtual-school-is-not-sitting-well-with-some-educators/",
43925," United States	US	USAK	61.385	-152.268	AK	0							2	Alaska"," United States	US	USAK	61.385	-152.268	AK	20200404	https://www.ktoo.org/2020/04/03/alaskas-new-florida-based-virtual-school-is-not-sitting-well-with-some-educators/",
43925," United States	US	USAK	61.385	-152.268	AK	2	Alaska"," United States	US	USAK	61.385	-152.268	AK	2	Alaska",
43925," United States	US	USAK	61.385	-152.268	AK	2	Alaska"," United States	US	USAK	61.385	-152.268	AK	2	Alaska",
43925," United States	US	USAK	61.385	-152.268	AK	2	Alaska"," United States	US	USAK	61.385	-152.268	AK	2	Alaska",
43925," United States	US	USAK	61.385	-152.268	AK	2	Florida"," United States	US	USFL	27.8333	-81.717	FL	2	Alaska",
43925," United States	US	USAK	61.385	-152.268	AK	2	Alaska"," United States	US	USAK	61.385	-152.268	AK	2	Alaska",
43925," United States	US	USAK	61.385	-152.268	AK	2	Florida"," United States	US	USFL	27.8333	-81.717	FL	2	Alaska",
43925," United States	US	USAK	61.385	-152.268	AK	2	Alaska"," United States	US	USAK	61.385	-152.268	AK	2	Alaska",
43925," United States	US	USAK	61.385	-152.268	AK	2	Alaska"," United States	US	USAK	61.385	-152.268	AK	2	Florida",
43925," United States	US	USAK	61.385	-152.268	AK	2	Alaska"," United States	US	USAK	61.385	-152.268	AK	2	Alaska",
43925," United States	US	USAK	61.385	-152.268	AK	2	Alaska"," United States	US	USAK	61.385	-152.268	AK	2	Alaska",
43925," United States	US	USAL	32.799	-86.8073	AL	0							2	Alabama"," United States	US	USAL	32.799	-86.8073	AL	20200404	http://blogs.edweek.org/edweek/speced/2020/04/schools_ieps_coronavirus_crisis.html",
43925," United States	US	USAK	61.385	-152.268	AK	2	Alaska"," United States	US	USAK	61.385	-152.268	AK	20200404	https://www.ktva.com/story/41963965/covid19-pricegouging-lawsuit",
43925," United States	US	USAK	61.385	-152.268	AK	2	Alaska"," United States	US	USAK	61.385	-152.268	AK	2	Alaska",
43925," United States	US	USAL	32.799	-86.8073	AL	0							2	Alabama"," United States	US	USAL	32.799	-86.8073	AL	20200404	http://blogs.edweek.org/edweek/speced/2020/04/schools_ieps_coronavirus_crisis.html",
43925," United States	US	USAK	61.385	-152.268	AK	2	Alaska"," United States	US	USAK	61.385	-152.268	AK	20200404	https://www.kmjnow.com/news/delta-ceo-we-still-havent-seen-the-bottom/",
43925," United States	US	USAL	32.799	-86.8073	AL	0							2	Alabama"," United States	US	USAL	32.799	-86.8073	AL	20200404	https://www.montgomeryadvertiser.com/story/news/2020/04/03/coronavirus-alabama-shelter-in-place-governor-kay-ivey/2897219001/",
43925," United States	US	USAK	61.385	-152.268	AK	2	Alaska"," United States	US	USAK	61.385	-152.268	AK	2	Alaska",
43925," United States	US	USAK	61.385	-152.268	AK	0							2	Alaska"," United States	US	USAK	61.385	-152.268	AK	20200404	https://www.kcaw.org/2020/04/03/veteran-administrator-hired-sitka-schools-interim-superintendent/",
43925," United States	US	USAK	61.385	-152.268	AK	2	Alaska"," United States	US	USAK	61.385	-152.268	AK	2	Alaska",
43925," United States	US	USAK	61.385	-152.268	AK	3	Boise", Idaho,
43925," United States	US	USAK	61.385	-152.268	AK	2	Alaska"," United States	US	USAK	61.385	-152.268	AK	2	Alaska",
43925," United States	US	USAK	61.385	-152.268	AK	0							2	Alaska"," United States	US	USAK	61.385	-152.268	AK	20200404	https://www.kmjnow.com/news/delta-ceo-we-still-havent-seen-the-bottom/",
43925," United States	US	USAK	61.385	-152.268	AK	0							3	Boise", Idaho,
43925," United States	US	USAK	61.385	-152.268	AK	0							2	Alaska"," United States	US	USAK	61.385	-152.268	AK	20200404	https://www.kcaw.org/2020/04/03/veteran-administrator-hired-sitka-schools-interim-superintendent/",
43925," United States	US	USAL	32.799	-86.8073	AL	0							2	Alabama"," United States	US	USAL	32.799	-86.8073	AL	20200404	https://www.montgomeryadvertiser.com/story/news/2020/04/03/coronavirus-alabama-stay-at-home-order-lockdown-kay-ivey/2898268001/",
43925," United States	US	USAK	61.385	-152.268	AK	2	Alaska"," United States	US	USAK	61.385	-152.268	AK	2	Alaska",
43925," United States	US	USAK	61.385	-152.268	AK	2	Alaska"," United States	US	USAK	61.385	-152.268	AK	2	Alaska",
43925," United States	US	USAL	32.799	-86.8073	AL	0							2	Alabama"," United States	US	USAL	32.799	-86.8073	AL	20200404	http://atmorenews.com/2020/04/03/",
43925," United States	US	USAK	61.385	-152.268	AK	0							2	Alaska"," United States	US	USAK	61.385	-152.268	AK	20200404	https://www.frontiersman.com/news/coronavirus/no-new-cases-in-the-mat-su-valley-15-people-now-hospitalized-due-to-covid/article_8a2ed74a-760e-11ea-91d0-d7e13348d211.html",
43925," United States	US	USAK	61.385	-152.268	AK	3	Boise", Idaho,
43925," United States	US	USAK	61.385	-152.268	AK	2	Alaska"," United States	US	USAK	61.385	-152.268	AK	20200404	https://www.houstonchronicle.com/news/article/Census-undercounts-are-normal-but-demographers-15176497.php",
43925," United States	US	USAK	61.385	-152.268	AK	0							3	Iditarod", Alaska,
43925," United States	US	USAK	61.385	-152.268	AK	0							2	Alaska"," United States	US	USAK	61.385	-152.268	AK	20200404	https://www.houstonchronicle.com/news/article/Census-undercounts-are-normal-but-demographers-15176497.php",
43925," United States	US	USAK	61.385	-152.268	AK	2	Alaska"," United States	US	USAK	61.385	-152.268	AK	2	Alaska",
43925," United States	US	USAK	61.385	-152.268	AK	2	Alaska"," United States	US	USAK	61.385	-152.268	AK	2	Alaska",
43925," United States	US	USAK	61.385	-152.268	AK	2	Alaska"," United States	US	USAK	61.385	-152.268	AK	2	Alaska",
43925," United States	US	USAK	61.385	-152.268	AK	3	Iditarod", Alaska," United States	US	USAK	62.5444	-158.095	1403697	20200404	https://www.washingtontimes.com/news/2020/apr/3/3rd-iditarod-champion-nicknamed-yukon-fox-dies-at-/"
43925," United States	US	USAL	32.799	-86.8073	AL	0							2	Alabama"," United States	US	USAL	32.799	-86.8073	AL	20200404	https://www.alabamanews.net/2020/04/03/gov-kay-ivey-issues-statewide-stay-at-home-order/",
43925," United States	US	USAK	61.385	-152.268	AK	0							2	Alaska"," United States	US	USAK	61.385	-152.268	AK	20200404	https://www.adn.com/alaska-news/2020/04/04/alaska-covid-19-case-total-rises-to-157-as-hospitalizations-tick-up-slightly/",
43925," United States	US	USAK	61.385	-152.268	AK	2	Alaska"," United States	US	USAK	61.385	-152.268	AK	2	Alaska",
43925," United States	US	USAK	61.385	-152.268	AK	2	Alaska"," United States	US	USAK	61.385	-152.268	AK	2	Alaska",
43925," United States	US	USAL	32.799	-86.8073	AL	0							2	Alabama"," United States	US	USAL	32.799	-86.8073	AL	20200404	https://briarwood.org/covid-19-community-outreach/",
43925," United States	US	USAK	61.385	-152.268	AK	2	Alaska"," United States	US	USAK	61.385	-152.268	AK	2	Alaska",
43925," United States	US	USAL	32.799	-86.8073	AL	0							2	Alabama"," United States	US	USAL	32.799	-86.8073	AL	20200404	https://www.cullmantimes.com/covid-19/cullman-limits-number-of-customers-inside-stores/article_33322caa-75df-11ea-972d-57fa45ca15f0.html",
43925," United States	US	USAK	61.385	-152.268	AK	0							2	Alaska"," United States	US	USAK	61.385	-152.268	AK	20200404	https://www.ktuu.com/content/news/Caring-for-your-mental-health-How-to-talk-to-your-kids-about-COVID-19-569371591.html",
43925," United States	US	USAL	32.799	-86.8073	AL	0							2	Alabama"," United States	US	USAL	32.799	-86.8073	AL	20200404	http://readme.readmedia.com/Alabama-National-Guard-dispels-misinformation-on-mobilization-rumors/16998256",
43925," United States	US	USAK	61.385	-152.268	AK	3	Nondalton", Alaska,
43925," United States	US	USAK	61.385	-152.268	AK	2	Alaska"," United States	US	USAK	61.385	-152.268	AK	20200404	https://www.kdlg.org/post/community-travel-restrictions-around-bristol-bay",
43925," United States	US	USAK	61.385	-152.268	AK	2	Alaska"," United States	US	USAK	61.385	-152.268	AK	20200404	https://abc7news.com/coronavirus-update-cases-us-covid-19/6074985/",
43925," United States	US	USAK	61.385	-152.268	AK	0							2	Alaska"," United States	US	USAK	61.385	-152.268	AK	20200404	https://www.kdlg.org/post/community-travel-restrictions-around-bristol-bay",
43925," United States	US	USAK	61.385	-152.268	AK	0							3	Nondalton", Alaska,
43925," United States	US	USAK	61.385	-152.268	AK	3	Nondalton", Alaska," United States	US	USAK	59.9736	-154.846	1407129	20200404	https://www.kdlg.org/post/community-travel-restrictions-around-bristol-bay"
43925," United States	US	USAK	61.385	-152.268	AK	3	Nondalton", Alaska,
43925," United States	US	USAK	61.385	-152.268	AK	3	Oakland", California,
43925," United States	US	USAK	61.385	-152.268	AK	0							2	Alaska"," United States	US	USAK	61.385	-152.268	AK	20200404	https://www.kvakradio.com/2020/04/03/pacific-seafood-processors-association-letter-to-the-community/",
43925," United States	US	USAK	61.385	-152.268	AK	2	Alaska"," United States	US	USAK	61.385	-152.268	AK	2	Alaska",
43925," United States	US	USAL	32.799	-86.8073	AL	0							2	Alabama"," United States	US	USAL	32.799	-86.8073	AL	20200404	https://www.waaytv.com/content/news/AL-Department-of-Public-Health-doctor-discusses-different-face-masks-569366611.html",
43925," United States	US	USAL	32.799	-86.8073	AL	0							2	Alabama"," United States	US	USAL	32.799	-86.8073	AL	20200404	https://www.waaytv.com/content/news/AL-Department-of-Public-Health-doctor-discusses-different-face-masks-569366611.html",
43925," United States	US	USAL	32.799	-86.8073	AL	0							2	Alabama"," United States	US	USAL	32.799	-86.8073	AL	20200404	https://www.waaytv.com/content/news/Local-woman-delivering-groceries-to-clients-around-Madison-County-569364571.html",
43925," United States	US	USAK	61.385	-152.268	AK	2	Alaska"," United States	US	USAK	61.385	-152.268	AK	2	Alaska",
43925," United States	US	USAL	32.799	-86.8073	AL	0							2	Alabama"," United States	US	USAL	32.799	-86.8073	AL	20200404	https://www.rocketcitynow.com/article/news/local/alabamas-stay-at-home-order-what-you-need-to-know/525-6ca17850-4e41-4d11-af0b-f57092829727",
43925," United States	US	USAL	32.799	-86.8073	AL	0							2	Alabama"," United States	US	USAL	32.799	-86.8073	AL	20200404	https://www.highbrowmagazine.com/10483-philanthropy-and-generosity-legacy-cj-walker",
43925," United States	US	USAL	32.799	-86.8073	AL	0							2	Alabama"," United States	US	USAL	32.799	-86.8073	AL	20200404	https://www.highbrowmagazine.com/10483-philanthropy-and-generosity-legacy-cj-walker",
43925," United States	US	USAL	32.799	-86.8073	AL	0							2	Alabama"," United States	US	USAL	32.799	-86.8073	AL	20200404	https://www.rocketcitynow.com/article/news/local/alabamas-stay-at-home-order-what-you-need-to-know/525-6ca17850-4e41-4d11-af0b-f57092829727",
43925," United States	US	USAK	61.385	-152.268	AK	0							2	Alaska"," United States	US	USAK	61.385	-152.268	AK	20200404	https://www.desmogblog.com/2020/04/03/covid-pipelines-kxl-dapl-mariner-east-energy-transfer",
43925," United States	US	USAK	61.385	-152.268	AK	0							2	Alaska"," United States	US	USAK	61.385	-152.268	AK	20200404	https://www.ctpost.com/news/article/Alaska-health-officials-recommend-face-coverings-15178584.php",
43925," United States	US	USAK	61.385	-152.268	AK	2	Alaska"," United States	US	USAK	61.385	-152.268	AK	2	Alaska",
43925," United States	US	USAL	32.799	-86.8073	AL	0							2	Alabama"," United States	US	USAL	32.799	-86.8073	AL	20200404	https://hollywoodlife.com/2020/04/03/tyler-cameron-reacts-hannah-brown-romance-rumors-gigi-hadid-zayn-malik/",
43925," United States	US	USAK	61.385	-152.268	AK	0							2	Alaska"," United States	US	USAK	61.385	-152.268	AK	20200404	https://www.homernews.com/news/state-recommends-wearing-face-coverings-in-public/",
43925," United States	US	USAL	32.799	-86.8073	AL	0							2	Alabama"," United States	US	USAL	32.799	-86.8073	AL	20200404	https://www.al.com/news/2020/04/montgomery-county-was-donated-5800-masks-5000-had-rotted.html",
43925," United States	US	USAK	61.385	-152.268	AK	2	Alaska"," United States	US	USAK	61.385	-152.268	AK	2	Alaska",
43925," United States	US	USAK	61.385	-152.268	AK	2	Alaska"," United States	US	USAK	61.385	-152.268	AK	2	Alaska",
43925," United States	US	USAK	61.385	-152.268	AK	0							2	Alaska"," United States	US	USAK	61.385	-152.268	AK	20200404	https://www.ctpost.com/news/article/Alaska-health-officials-recommend-face-coverings-15178584.php",
43925," United States	US	USAL	32.799	-86.8073	AL	0							2	Alabama"," United States	US	USAL	32.799	-86.8073	AL	20200404	https://www.usatoday.com/story/sports/motor/indycar/2020/04/03/iracing-challenge-robert-wickens-paralyzed-indycar-driver/2946484001/",
43925," United States	US	USAL	32.799	-86.8073	AL	0							2	Alabama"," United States	US	USAL	32.799	-86.8073	AL	20200404	https://www.usatoday.com/story/sports/motor/indycar/2020/04/03/iracing-challenge-robert-wickens-paralyzed-indycar-driver/2946484001/",
43925," United States	US	USAK	61.385	-152.268	AK	0							2	Alaska"," United States	US	USAK	61.385	-152.268	AK	20200404	https://www.ktva.com/story/41972664/inside-the-gates-military-response-to-covid19-in-alaska",
43925," United States	US	USAK	61.385	-152.268	AK	2	Alaska"," United States	US	USAK	61.385	-152.268	AK	2	Alaska",
43925," United States	US	USAK	61.385	-152.268	AK	0							2	Alaska"," United States	US	USAK	61.385	-152.268	AK	20200404	https://www.jdsupra.com/legalnews/how-can-the-cares-act-help-my-tribe-a-58788/",
43925," United States	US	USAK	61.385	-152.268	AK	0							2	Alaska"," United States	US	USAK	61.385	-152.268	AK	20200404	http://www.sitkasentinel.com/7/2012-05-10-22-08-10/local-news/16352-city-gives-more-time-to-pay-utility-bills",
43925," United States	US	USAK	61.385	-152.268	AK	3	Anchorage", Alaska,
43925," United States	US	USAK	61.385	-152.268	AK	2	Alaska"," United States	US	USAK	61.385	-152.268	AK	20200404	https://www.taku105.com/news/news-of-the-north/rep-pruitt-asks-dunleavy-to-release-pfd-early-to-assist-families-economy/",
43925," United States	US	USAK	61.385	-152.268	AK	2	Alaska"," United States	US	USAK	61.385	-152.268	AK	20200404	https://www.king5.com/article/news/local/washington-man-arrested-in-hawaii-in-connection-with-violating-visitor-quarantine-order/281-efc29410-73b2-451c-8af7-fc601d090039",
43925," United States	US	USAK	61.385	-152.268	AK	2	Alaska"," United States	US	USAK	61.385	-152.268	AK	20200404	https://www.king5.com/article/news/local/washington-man-arrested-in-hawaii-in-connection-with-violating-visitor-quarantine-order/281-efc29410-73b2-451c-8af7-fc601d090039",
43925," United States	US	USAK	61.385	-152.268	AK	2	Alaska"," United States	US	USAK	61.385	-152.268	AK	2	Alaska",
43925," United States	US	USAK	61.385	-152.268	AK	0							2	Alaska"," United States	US	USAK	61.385	-152.268	AK	20200404	https://www.bozemandailychronicle.com/news/bozeman-high-hires-assistant-principal-from-alaska/article_66483416-8554-541f-a2e0-0c0c42028a32.html",
43925," United States	US	USAK	61.385	-152.268	AK	2	Alaska"," United States	US	USAK	61.385	-152.268	AK	20200404	https://www.frontiersman.com/opinions/assistance-with-expanded-unemployment-insurance-benefits/article_cc478c40-763f-11ea-aa2d-6f648ad712e0.html",
43925," United States	US	USAK	61.385	-152.268	AK	2	Alaska"," United States	US	USAK	61.385	-152.268	AK	20200404	https://www.frontiersman.com/opinions/assistance-with-expanded-unemployment-insurance-benefits/article_cc478c40-763f-11ea-aa2d-6f648ad712e0.html",
43925," United States	US	USAL	32.799	-86.8073	AL	0							2	Alabama"," United States	US	USAL	32.799	-86.8073	AL	20200404	http://www.greenfieldreporter.com/2020/04/04/the_bulletin__april_4-2/",
43925," United States	US	USAK	61.385	-152.268	AK	2	Alaska"," United States	US	USAK	61.385	-152.268	AK	2	Alaska",
43925," United States	US	USAL	32.799	-86.8073	AL	0							2	Alabama"," United States	US	USAL	32.799	-86.8073	AL	20200404	https://meaww.com/mama-june-family-crisis-season-4-alana-honey-boo-boo-la-fashion-fest-audition-pumpkin-jennifer",
43925," United States	US	USAK	61.385	-152.268	AK	2	Alaska"," United States	US	USAK	61.385	-152.268	AK	2	Alaska",
43925," United States	US	USAK	61.385	-152.268	AK	2	Alaska"," United States	US	USAK	61.385	-152.268	AK	20200404	https://www.frontiersman.com/news/coronavirus/wave-of-new-federal-money-heads-for-alaska/article_da03fe3e-7641-11ea-a0a6-df9a46f68ca9.html",
43925," United States	US	USAK	61.385	-152.268	AK	2	Alaska"," United States	US	USAK	61.385	-152.268	AK	2	Alaska",
43925," United States	US	USAK	61.385	-152.268	AK	2	Alaska"," United States	US	USAK	61.385	-152.268	AK	2	Alaska",
43925," United States	US	USAL	32.799	-86.8073	AL	0							2	Alabama"," United States	US	USAL	32.799	-86.8073	AL	20200404	https://www.dailymail.co.uk/news/article-8186755/Hospitals-fighting-coronavirus-sent-DEFECTIVE-medical-supplies-federal-stockpiles.html",
43925," United States	US	USAL	32.799	-86.8073	AL	0							2	Alabama"," United States	US	USAL	32.799	-86.8073	AL	20200404	https://www.dailymail.co.uk/news/article-8186755/Hospitals-fighting-coronavirus-sent-DEFECTIVE-medical-supplies-federal-stockpiles.html",
43925," United States	US	USAK	61.385	-152.268	AK	2	Alaska"," United States	US	USAK	61.385	-152.268	AK	2	Alaska",
43925," United States	US	USAK	61.385	-152.268	AK	2	Alaska"," United States	US	USAK	61.385	-152.268	AK	2	Alaska",
43925," United States	US	USAK	61.385	-152.268	AK	2	Alaska"," United States	US	USAK	61.385	-152.268	AK	20200404	https://www.ironmountaindailynews.com/news/local-news/2020/04/wisconsin-gop-wants-election-as-scheduled/",
43925," United States	US	USAL	32.799	-86.8073	AL	0							2	Alabama"," United States	US	USAL	32.799	-86.8073	AL	20200404	https://www.waaytv.com/content/news/Important-provisions-of-the-stay-at-home-order-and-their-impact-569375121.html",
43925," United States	US	USAL	32.799	-86.8073	AL	0							2	Alabama"," United States	US	USAL	32.799	-86.8073	AL	20200404	http://www.unionspringsherald.com/news/article_50a43d98-7434-11ea-bff7-6b6d96bc8267.html",
43925," United States	US	USAL	32.799	-86.8073	AL	0							2	Alabama"," United States	US	USAL	32.799	-86.8073	AL	20200404	https://vpm.org/articles/npr/826945382/the-coronavirus-epidemic-in-birmingham-ala-seen-through-a-doctor-with-the",
43925," United States	US	USAK	61.385	-152.268	AK	2	Alaska"," United States	US	USAK	61.385	-152.268	AK	20200404	https://www.frontiersman.com/news/moosey-picked-to-be-palmers-manager-among-four-other-candidates/article_847487da-7656-11ea-92e9-8f130c72e1ad.html",
43925," United States	US	USAK	61.385	-152.268	AK	0							2	Alaska"," United States	US	USAK	61.385	-152.268	AK	20200404	https://www.frontiersman.com/news/moosey-picked-to-be-palmers-manager-among-four-other-candidates/article_847487da-7656-11ea-92e9-8f130c72e1ad.html",
43925," United States	US	USAK	61.385	-152.268	AK	0							2	Wyoming"," United States	US	USWY	42.7475	-107.209	WY	20200404	https://www.frontiersman.com/news/moosey-picked-to-be-palmers-manager-among-four-other-candidates/article_847487da-7656-11ea-92e9-8f130c72e1ad.html",
43925," United States	US	USAL	32.799	-86.8073	AL	0							2	Alabama"," United States	US	USAL	32.799	-86.8073	AL	20200404	https://www.dailymail.co.uk/tvshowbiz/article-8187055/Kim-Kardashian-says-criminal-justice-crusade-not-phase.html",
43925," United States	US	USAK	61.385	-152.268	AK	1	Canada	CA	CA	60	-96	CA	20200404	https://apnews.com/23dbc1a6bd4a855dab397c42fb62a9a7",,
43925," United States	US	USAK	61.385	-152.268	AK	1	Canada	CA	CA	60	-96	CA	20200404	https://apnews.com/23dbc1a6bd4a855dab397c42fb62a9a7",,
43925," United States	US	USAK	61.385	-152.268	AK	2	Alaska"," United States	US	USAK	61.385	-152.268	AK	20200404	https://www.hks.harvard.edu/events/rsvp-fellows-headlines-governor-bill-walker",
43925," United States	US	USAK	61.385	-152.268	AK	2	Alaska"," United States	US	USAK	61.385	-152.268	AK	20200404	https://www.hks.harvard.edu/events/rsvp-fellows-headlines-governor-bill-walker",
43925," United States	US	USAK	61.385	-152.268	AK	0							2	Alaska"," United States	US	USAK	61.385	-152.268	AK	20200404	https://www.hks.harvard.edu/events/rsvp-fellows-headlines-governor-bill-walker",
43925," United States	US	USAK	61.385	-152.268	AK	0							2	Alaska"," United States	US	USAK	61.385	-152.268	AK	20200404	https://www.hks.harvard.edu/events/rsvp-fellows-headlines-governor-bill-walker",
43925," United States	US	USAL	32.799	-86.8073	AL	0							2	Alabama"," United States	US	USAL	32.799	-86.8073	AL	20200404	http://flcourier.com/dean-of-the-civil-rights-movement-dies-at-age-98/",
43925," United States	US	USAL	32.799	-86.8073	AL	0							2	Alabama"," United States	US	USAL	32.799	-86.8073	AL	20200404	https://www.al.com/news/2020/04/survivors-of-1918-flu-pandemic-said-heed-warnings.html",
43925," United States	US	USAL	32.799	-86.8073	AL	0							2	Alabama"," United States	US	USAL	32.799	-86.8073	AL	20200404	https://www.christianpost.com/voices/running-into-the-coronavirus-crisis-with-lettuce-and-love.html",
43925," United States	US	USAL	32.799	-86.8073	AL	0							2	Alabama"," United States	US	USAL	32.799	-86.8073	AL	20200404	http://www.birminghamtimes.com/2020/04/gov-kay-ivey-issues-statewide-stay-at-home-order-as-covid-19-cases-rise/",
43925," United States	US	USAL	32.799	-86.8073	AL	0							2	Alabama"," United States	US	USAL	32.799	-86.8073	AL	20200404	http://www.southgatearc.org/propagation/k7ra/april-04.htm",
43925," United States	US	USAK	61.385	-152.268	AK	2	Alaska"," United States	US	USAK	61.385	-152.268	AK	2	Alaska",
43925," United States	US	USAK	61.385	-152.268	AK	0							2	Alaska"," United States	US	USAK	61.385	-152.268	AK	20200404	https://www.iol.co.za/business-report/international/armchair-trips-to-see-the-northern-lights-offer-hope-for-alaska-46102801",
43925," United States	US	USAK	61.385	-152.268	AK	2	Alaska"," United States	US	USAK	61.385	-152.268	AK	2	Alaska",
43925," United States	US	USAK	61.385	-152.268	AK	0							2	Alaska"," United States	US	USAK	61.385	-152.268	AK	20200404	https://www.kcaw.org/2020/03/31/teddy-bear-season-opens-in-sitka-no-license-required/",
43925," United States	US	USAK	61.385	-152.268	AK	2	Alaska"," United States	US	USAK	61.385	-152.268	AK	2	Alaska",
43925," United States	US	USAK	61.385	-152.268	AK	0							2	Alaska"," United States	US	USAK	61.385	-152.268	AK	20200404	https://www.kcaw.org/2020/03/31/teddy-bear-season-opens-in-sitka-no-license-required/",
43925," United States	US	USAK	61.385	-152.268	AK	2	Alaska"," United States	US	USAK	61.385	-152.268	AK	2	Alaska",
43925," United States	US	USAL	32.799	-86.8073	AL	0							2	Alabama"," United States	US	USAL	32.799	-86.8073	AL	20200404	https://insurancenewsnet.com/oarticle/rep-sewell-calls-on-governor-ivey-to-expand-medicaid-in-light-of-covid-19-pandemic",
43925," United States	US	USAK	61.385	-152.268	AK	2	Alaska"," United States	US	USAK	61.385	-152.268	AK	2	Alaska",
43925," United States	US	USAK	61.385	-152.268	AK	2	Alaska"," United States	US	USAK	61.385	-152.268	AK	2	Alaska",
43925," United States	US	USAK	61.385	-152.268	AK	0							3	Anchorage", Alaska,
43925," United States	US	USAK	61.385	-152.268	AK	2	Alaska"," United States	US	USAK	61.385	-152.268	AK	2	Alaska",
43925," United States	US	USAK	61.385	-152.268	AK	2	Alaska"," United States	US	USAK	61.385	-152.268	AK	2	Alaska",
43925," United States	US	USAK	61.385	-152.268	AK	2	Alaska"," United States	US	USAK	61.385	-152.268	AK	2	Alaska",
43925," United States	US	USAK	61.385	-152.268	AK	3	Anchorage", Alaska," United States	US	USAK	61.2181	-149.9	1398242	20200404	https://www.clickorlando.com/news/national/2020/04/04/pet-fostering-takes-off-as-coronavirus-keeps-americans-home/"
43925," United States	US	USAK	61.385	-152.268	AK	2	Alaska"," United States	US	USAK	61.385	-152.268	AK	2	Alaska",
43925," United States	US	USAK	61.385	-152.268	AK	2	Alaska"," United States	US	USAK	61.385	-152.268	AK	2	Alaska",
43925," United States	US	USAL	32.799	-86.8073	AL	0							2	Alabama"," United States	US	USAL	32.799	-86.8073	AL	20200404	https://www.al.com/life-and-culture/j66j-2020/04/0e4b137e9a4882/12-stories-that-make-us-proud-to-call-alabama-home.html",
43925," United States	US	USAL	32.799	-86.8073	AL	0							2	Alabama"," United States	US	USAL	32.799	-86.8073	AL	20200404	https://www.al.com/life-and-culture/j66j-2020/04/0e4b137e9a4882/12-stories-that-make-us-proud-to-call-alabama-home.html",
43925," United States	US	USAL	32.799	-86.8073	AL	0							2	Alabama"," United States	US	USAL	32.799	-86.8073	AL	20200404	https://www.heraldmailmedia.com/news/nation/those-without-broadband-struggle-in-a-stuck-at-home-nation/article_b6aec26f-7673-5b8b-b6c0-e2899d72bdd6.html",
43925," United States	US	USAK	61.385	-152.268	AK	0							2	Alaska"," United States	US	USAK	61.385	-152.268	AK	20200404	https://www.whec.com/national/pet-fostering-takes-off-as-coronavirus-keeps-americans-home/5691890/?cat=10036",
43925," United States	US	USAK	61.385	-152.268	AK	2	Alaska"," United States	US	USAK	61.385	-152.268	AK	2	Alaska",
43925," United States	US	USAL	32.799	-86.8073	AL	0							2	Alabama"," United States	US	USAL	32.799	-86.8073	AL	20200404	https://www.redandblack.com/athensnews/athens-police-sergeant-john-q-williams-puts-community-first-in-campaign-for-sheriff/article_17db740e-761e-11ea-b558-ab9f3eaecf8c.html",
43925," United States	US	USAK	61.385	-152.268	AK	0							2	Alaska"," United States	US	USAK	61.385	-152.268	AK	20200404	http://www.newsminer.com/news/local_news/state-reopens-bear-hunts-but-only-for-alaska-residents/article_de31a3c0-7629-11ea-b808-9f03f09baa6b.html",
43925," United States	US	USAK	61.385	-152.268	AK	0							2	Alaska"," United States	US	USAK	61.385	-152.268	AK	20200404	https://www.npr.org/2020/04/04/826780041/as-coronavirus-cases-rise-navajo-nation-tries-to-get-ahead-of-pandemic",
43925," United States	US	USAK	61.385	-152.268	AK	3	Anchorage", Alaska,
43925," United States	US	USAK	61.385	-152.268	AK	3	Milwaukee", Wisconsin," United States	US	USWI	43.0389	-87.9065	1577901	20200404	https://www.sfgate.com/news/article/Wisconsin-GOP-vows-Supreme-Court-appeal-on-15179089.php"
43925," United States	US	USAK	61.385	-152.268	AK	0							2	Wyoming"," United States	US	USWY	42.7475	-107.209	WY	20200404	https://www.sfgate.com/news/article/Wisconsin-GOP-vows-Supreme-Court-appeal-on-15179089.php",
43925," United States	US	USAK	61.385	-152.268	AK	0							3	Umpqua River", Oregon,
43925," United States	US	USAK	61.385	-152.268	AK	0							2	Alaska"," United States	US	USAK	61.385	-152.268	AK	20200404	https://www.680news.com/2020/04/04/alaska-enrolls-students-in-florida-based-virtual-school/",
43925," United States	US	USAK	61.385	-152.268	AK	2	Florida"," United States	US	USFL	27.8333	-81.717	FL	2	Florida",
43925," United States	US	USAK	61.385	-152.268	AK	2	Alaska"," United States	US	USAK	61.385	-152.268	AK	2	Florida",
43925," United States	US	USAK	61.385	-152.268	AK	2	Florida"," United States	US	USFL	27.8333	-81.717	FL	2	Florida",
43925," United States	US	USAK	61.385	-152.268	AK	2	Alaska"," United States	US	USAK	61.385	-152.268	AK	2	Alaska",
43925," United States	US	USAK	61.385	-152.268	AK	2	Alaska"," United States	US	USAK	61.385	-152.268	AK	2	Florida",
43925," United States	US	USAK	61.385	-152.268	AK	2	Florida"," United States	US	USFL	27.8333	-81.717	FL	2	Florida",
43925," United States	US	USAK	61.385	-152.268	AK	2	Alaska"," United States	US	USAK	61.385	-152.268	AK	2	Alaska",
43925," United States	US	USAK	61.385	-152.268	AK	3	Chicago", Illinois," United States	US	USIL	41.85	-87.6501	423587	20200404	https://www.dailytelegraph.com.au/news/world/sarah-palin-nude-picture-portrait-in-chicago-old-town-ale-house/news-story/52503ad9c2f94a4cb73774831e3e6078?nk=73daa8ab0e83fde1f1e060460d4f96a0-1586017038"
43925," United States	US	USAL	32.799	-86.8073	AL	0							2	Alabama"," United States	US	USAL	32.799	-86.8073	AL	20200404	https://www.auburnvillager.com/news/statewide-stay-at-home-order-goes-into-effect-at-5-p-m/article_ad7094e2-7680-11ea-b335-e399c104a0a0.html",
43925," United States	US	USAL	32.799	-86.8073	AL	0							2	Alabama"," United States	US	USAL	32.799	-86.8073	AL	20200404	https://www.auburnvillager.com/news/statewide-stay-at-home-order-goes-into-effect-at-5-p-m/article_ad7094e2-7680-11ea-b335-e399c104a0a0.html",
43925," United States	US	USAK	61.385	-152.268	AK	2	Alaska"," United States	US	USAK	61.385	-152.268	AK	2	Alaska",
43925," United States	US	USAK	61.385	-152.268	AK	2	Alaska"," United States	US	USAK	61.385	-152.268	AK	2	Alaska",
43925," United States	US	USAK	61.385	-152.268	AK	2	Alaska"," United States	US	USAK	61.385	-152.268	AK	2	Alaska",
43925," United States	US	USAL	32.799	-86.8073	AL	0							2	Alabama"," United States	US	USAL	32.799	-86.8073	AL	20200404	https://www.auburnvillager.com/news/statewide-stay-at-home-order-goes-into-effect-at-5-p-m/article_ad7094e2-7680-11ea-b335-e399c104a0a0.html",
43925," United States	US	USAK	61.385	-152.268	AK	2	Alaska"," United States	US	USAK	61.385	-152.268	AK	2	Alaska",
43925," United States	US	USAL	32.799	-86.8073	AL	0							2	Alabama"," United States	US	USAL	32.799	-86.8073	AL	20200404	https://www.washingtontimes.com/news/2020/apr/4/how-churches-can-serve-during-covid-19-crisis-by-w/",
43925," United States	US	USAK	61.385	-152.268	AK	0							2	Alaska"," United States	US	USAK	61.385	-152.268	AK	20200404	https://wnyt.com/politics/wisconsin-gop-vows-supreme-court-appeal-on-extended-voting/5691949/?cat=661",
43925," United States	US	USAL	32.799	-86.8073	AL	0							2	Alabama"," United States	US	USAL	32.799	-86.8073	AL	20200404	https://www.briefingwire.com/pr/finding-a-mortgage-lender-in-jacksonville-alabama",
43925," United States	US	USAL	32.799	-86.8073	AL	0							2	Alabama"," United States	US	USAL	32.799	-86.8073	AL	20200404	https://www.foxnews.com/media/jeff-sessions-russia-investigation-no-regrets",
43925," United States	US	USAL	32.799	-86.8073	AL	0							2	Alabama"," United States	US	USAL	32.799	-86.8073	AL	20200404	https://www.foxnews.com/media/jeff-sessions-russia-investigation-no-regrets",
43925," United States	US	USAK	61.385	-152.268	AK	0							3	Milne Point", Alaska,
43925," United States	US	USAK	61.385	-152.268	AK	2	Alaska"," United States	US	USAK	61.385	-152.268	AK	2	Alaska",
43925," United States	US	USAK	61.385	-152.268	AK	2	Wyoming"," United States	US	USWY	42.7475	-107.209	WY	2	Alaska",
43925," United States	US	USAK	61.385	-152.268	AK	2	Wyoming"," United States	US	USWY	42.7475	-107.209	WY	2	Wyoming",
43925," United States	US	USAL	32.799	-86.8073	AL	0							2	Alabama"," United States	US	USAL	32.799	-86.8073	AL	20200404	https://www.newsbusters.org/blogs/nb/brad-wilmouth/2020/04/03/samantha-bee-complains-blocking-abortion-means-having-fking-baby",
43925," United States	US	USAL	32.799	-86.8073	AL	0							2	Alabama"," United States	US	USAL	32.799	-86.8073	AL	20200404	https://www.dothaneagle.com/news/education/wallace-donates-personal-protective-equipment-to-area-healthcare-partners/article_593acfe0-e31e-5297-8457-693417a101ac.html",
43925," United States	US	USAK	61.385	-152.268	AK	0							2	Alaska"," United States	US	USAK	61.385	-152.268	AK	20200404	https://locusmag.com/2020/04/colleen-mondor-reviews-the-thief-knot-by-kate-milford-and-reverie-by-ryan-la-sala/",
43925," United States	US	USAK	61.385	-152.268	AK	0							2	Alaska"," United States	US	USAK	61.385	-152.268	AK	20200404	https://www.adn.com/alaska-news/mat-su/2020/04/04/as-alaskas-coronavirus-count-climbs-the-states-fastest-growing-region-poses-a-puzzle/",
43925," United States	US	USAK	61.385	-152.268	AK	2	Alaska"," United States	US	USAK	61.385	-152.268	AK	20200404	https://www.frontiersman.com/obituaries/harvey-laurence-longenecker/article_83043a92-745a-11ea-bfe9-e310b68ce52b.html",
43925," United States	US	USAK	61.385	-152.268	AK	2	Hawaii"," United States	US	USHI	21.1098	-157.531	HI	20200404	https://www.investmentwatchblog.com/washington-dc-mayor-threatening-to-throw-those-in-jail-who-break-stay-at-home-orders-at-same-time-congress-is-taking-off-on-vacation/",
43925," United States	US	USAK	61.385	-152.268	AK	2	Ohio"," United States	US	USOH	40.3736	-82.7755	OH	2	Wisconsin",
43925," United States	US	USAL	32.799	-86.8073	AL	0							2	Alabama"," United States	US	USAL	32.799	-86.8073	AL	20200404	https://www.ibtimes.com/man-brutally-beats-stabs-dog-baking-it-oven-2952754",
43925," United States	US	USAL	32.799	-86.8073	AL	0							2	Alabama"," United States	US	USAL	32.799	-86.8073	AL	20200404	https://www.ibtimes.com/man-brutally-beats-stabs-dog-baking-it-oven-2952754",
43925," United States	US	USAL	32.799	-86.8073	AL	0							2	Alabama"," United States	US	USAL	32.799	-86.8073	AL	20200404	https://www.ibtimes.com/man-brutally-beats-stabs-dog-baking-it-oven-2952754",
43925," United States	US	USAK	61.385	-152.268	AK	0							2	Alaska"," United States	US	USAK	61.385	-152.268	AK	20200404	http://www.newsminer.com/news/local_news/interior-alaska-veterinary-clinics-adapt-to-social-distancing/article_15b280a2-762b-11ea-b1e7-2be3cae0c8ce.html",
43925," United States	US	USAK	61.385	-152.268	AK	0							2	Alaska"," United States	US	USAK	61.385	-152.268	AK	20200404	http://www.newsminer.com/news/local_news/interior-alaska-veterinary-clinics-adapt-to-social-distancing/article_15b280a2-762b-11ea-b1e7-2be3cae0c8ce.html",
43925," United States	US	USAL	32.799	-86.8073	AL	0							2	Alabama"," United States	US	USAL	32.799	-86.8073	AL	20200404	https://www.montgomeryadvertiser.com/story/opinion/2020/04/04/caregiving-and-coronavirus-develop-plan-yourself-and-loved-ones-case-you-get-sick/2947158001/",
43925," United States	US	USAK	61.385	-152.268	AK	2	Alaska"," United States	US	USAK	61.385	-152.268	AK	20200404	https://www.adn.com/alaska-news/2020/04/04/fairbanks-sees-first-covid-19-death/",
43925," United States	US	USAL	32.799	-86.8073	AL	0							2	Alabama"," United States	US	USAL	32.799	-86.8073	AL	20200404	https://www.msn.com/en-us/news/us/alabama-receives-nearly-6000-medical-masks-that-were-expired-and-had-dry-rot/ar-BB12axmz",
43925," United States	US	USAK	61.385	-152.268	AK	0							2	Alaska"," United States	US	USAK	61.385	-152.268	AK	20200404	https://napavalleyregister.com/news/local/ken-franks-michelin-star-team-at-la-toque-cooks-for-napas-homeless/article_f65751bf-79ec-5904-b13d-05bb879c126e.html",
43925," United States	US	USAL	32.799	-86.8073	AL	0							2	Alabama"," United States	US	USAL	32.799	-86.8073	AL	20200404	https://www.dothaneagle.com/enterprise_ledger/news/mayor-responds-to-gov-ivey-s-stay-at-home-order/article_6c327b8c-622d-5d0a-a33f-edb28e3a1f44.html",
43925," United States	US	USAK	61.385	-152.268	AK	2	Alaska"," United States	US	USAK	61.385	-152.268	AK	2	Alaska",
43925," United States	US	USAK	61.385	-152.268	AK	0							2	Alaska"," United States	US	USAK	61.385	-152.268	AK	20200404	https://napavalleyregister.com/news/local/ken-franks-michelin-star-team-at-la-toque-cooks-for-napas-homeless/article_f65751bf-79ec-5904-b13d-05bb879c126e.html",
43925," United States	US	USAK	61.385	-152.268	AK	0							2	Alaska"," United States	US	USAK	61.385	-152.268	AK	20200404	https://napavalleyregister.com/news/local/ken-franks-michelin-star-team-at-la-toque-cooks-for-napas-homeless/article_f65751bf-79ec-5904-b13d-05bb879c126e.html",
43925," United States	US	USAK	61.385	-152.268	AK	0							2	Alaska"," United States	US	USAK	61.385	-152.268	AK	20200404	https://napavalleyregister.com/news/local/ken-franks-michelin-star-team-at-la-toque-cooks-for-napas-homeless/article_f65751bf-79ec-5904-b13d-05bb879c126e.html",
43925," United States	US	USAK	61.385	-152.268	AK	2	Alaska"," United States	US	USAK	61.385	-152.268	AK	2	Alaska",
43925," United States	US	USAK	61.385	-152.268	AK	2	Alaska"," United States	US	USAK	61.385	-152.268	AK	20200404	https://www.masslive.com/coronavirus/2020/04/coronavirus-update-president-trump-warns-of-spike-in-covid-19-cases-ahead-the-toughest-week.html",
43925," United States	US	USAK	61.385	-152.268	AK	2	Alaska"," United States	US	USAK	61.385	-152.268	AK	2	Alaska",
43925," United States	US	USAK	61.385	-152.268	AK	0							2	Alaska"," United States	US	USAK	61.385	-152.268	AK	20200404	https://www.masslive.com/coronavirus/2020/04/coronavirus-update-president-trump-warns-of-spike-in-covid-19-cases-ahead-the-toughest-week.html",
43925," United States	US	USAK	61.385	-152.268	AK	0							2	Alaska"," United States	US	USAK	61.385	-152.268	AK	20200404	https://www.huffpost.com/entry/wisconsin-primary-election-april-coronavirus_n_5e8785ecc5b6d1e920818a2b",
43925," United States	US	USAK	61.385	-152.268	AK	0							2	Alaska"," United States	US	USAK	61.385	-152.268	AK	20200404	https://www.huffpost.com/entry/wisconsin-primary-election-april-coronavirus_n_5e8785ecc5b6d1e920818a2b",
43925," United States	US	USAK	61.385	-152.268	AK	3	Steamboat Springs", Colorado,
43925," United States	US	USAK	61.385	-152.268	AK	2	Florida"," United States	US	USFL	27.8333	-81.717	FL	2	Alaska",
43925," United States	US	USAK	61.385	-152.268	AK	0							3	Steamboat Springs", Colorado,
43925," United States	US	USAL	32.799	-86.8073	AL	0							2	Alabama"," United States	US	USAL	32.799	-86.8073	AL	20200404	https://www.northwestgeorgianews.com/rome/news/local/alabama-authorities-investigate-domestic-shooting-drowning/article_b583025c-769c-11ea-86d6-2ff33f32ffc0.html",
43925," United States	US	USAK	61.385	-152.268	AK	0							2	Alaska"," United States	US	USAK	61.385	-152.268	AK	20200404	https://www.kucb.org/post/seafood-industry-letter-unalaska-regarding-covid-19",
43925," United States	US	USAK	61.385	-152.268	AK	2	Alaska"," United States	US	USAK	61.385	-152.268	AK	2	Alaska",
43925," United States	US	USAK	61.385	-152.268	AK	2	Alaska"," United States	US	USAK	61.385	-152.268	AK	2	Alaska",
43925," United States	US	USAK	61.385	-152.268	AK	2	Alaska"," United States	US	USAK	61.385	-152.268	AK	2	Alaska",
43925," United States	US	USAK	61.385	-152.268	AK	2	Alaska"," United States	US	USAK	61.385	-152.268	AK	2	Alaska",
